{
	"coord": {
    		"lon": 12.48,
    		"lat": 41.89
  	},
  	"weather": [
    		{
      			"id": 800,
      			"main": "Clear",
      			"description": "clear sky",
      			"icon": "01d"
    		}
  	],
  	"base": "stations",
  	"main": {
    		"temp": 278.71,
    		"pressure": 1023,
    		"humidity": 48,
    		"temp_min": 277.15,
    		"temp_max": 280.15
  	},
  	"visibility": 10000,
  	"wind": {
    		"speed": 7.7,
    		"deg": 350
  	},
  	"clouds": {
    		"all": 0
  	},
  	"dt": 1546509000,
  	"sys": {
    		"type": 1,
    		"id": 6792,
    		"message": 0.0447,
    		"country": "IT",
    		"sunrise": 1546497475,
    		"sunset": 1546530690
  	},
  	"id": 6539761,
  	"name": "Rome",
  	"cod": 200
}